C:\Users\LSJ\Desktop\244146_847361_bundle_archive\s1/1.pgm;0 
C:\Users\LSJ\Desktop\244146_847361_bundle_archive\s1/10.pgm;0 
C:\Users\LSJ\Desktop\244146_847361_bundle_archive\s1/2.pgm;0 
C:\Users\LSJ\Desktop\244146_847361_bundle_archive\s1/3.pgm;0 
C:\Users\LSJ\Desktop\244146_847361_bundle_archive\s1/4.pgm;0 
C:\Users\LSJ\Desktop\244146_847361_bundle_archive\s1/5.pgm;0 
C:\Users\LSJ\Desktop\244146_847361_bundle_archive\s1/6.pgm;0 
C:\Users\LSJ\Desktop\244146_847361_bundle_archive\s1/7.pgm;0 
C:\Users\LSJ\Desktop\244146_847361_bundle_archive\s1/8.pgm;0 
C:\Users\LSJ\Desktop\244146_847361_bundle_archive\s1/9.pgm;0 
C:\Users\LSJ\Desktop\244146_847361_bundle_archive\s10/1.pgm;1 
C:\Users\LSJ\Desktop\244146_847361_bundle_archive\s10/10.pgm;1 
C:\Users\LSJ\Desktop\244146_847361_bundle_archive\s10/2.pgm;1 
C:\Users\LSJ\Desktop\244146_847361_bundle_archive\s10/3.pgm;1 
C:\Users\LSJ\Desktop\244146_847361_bundle_archive\s10/4.pgm;1 
C:\Users\LSJ\Desktop\244146_847361_bundle_archive\s10/5.pgm;1 
C:\Users\LSJ\Desktop\244146_847361_bundle_archive\s10/6.pgm;1 
C:\Users\LSJ\Desktop\244146_847361_bundle_archive\s10/7.pgm;1 
C:\Users\LSJ\Desktop\244146_847361_bundle_archive\s10/8.pgm;1 
C:\Users\LSJ\Desktop\244146_847361_bundle_archive\s10/9.pgm;1 
C:\Users\LSJ\Desktop\244146_847361_bundle_archive\s11/1.pgm;2 
C:\Users\LSJ\Desktop\244146_847361_bundle_archive\s11/10.pgm;2 
C:\Users\LSJ\Desktop\244146_847361_bundle_archive\s11/2.pgm;2 
C:\Users\LSJ\Desktop\244146_847361_bundle_archive\s11/3.pgm;2 
C:\Users\LSJ\Desktop\244146_847361_bundle_archive\s11/4.pgm;2 
C:\Users\LSJ\Desktop\244146_847361_bundle_archive\s11/5.pgm;2 
C:\Users\LSJ\Desktop\244146_847361_bundle_archive\s11/6.pgm;2 
C:\Users\LSJ\Desktop\244146_847361_bundle_archive\s11/7.pgm;2 
C:\Users\LSJ\Desktop\244146_847361_bundle_archive\s11/8.pgm;2 
C:\Users\LSJ\Desktop\244146_847361_bundle_archive\s11/9.pgm;2 
C:\Users\LSJ\Desktop\244146_847361_bundle_archive\s12/1.pgm;3 
C:\Users\LSJ\Desktop\244146_847361_bundle_archive\s12/10.pgm;3 
C:\Users\LSJ\Desktop\244146_847361_bundle_archive\s12/2.pgm;3 
C:\Users\LSJ\Desktop\244146_847361_bundle_archive\s12/3.pgm;3 
C:\Users\LSJ\Desktop\244146_847361_bundle_archive\s12/4.pgm;3 
C:\Users\LSJ\Desktop\244146_847361_bundle_archive\s12/5.pgm;3 
C:\Users\LSJ\Desktop\244146_847361_bundle_archive\s12/6.pgm;3 
C:\Users\LSJ\Desktop\244146_847361_bundle_archive\s12/7.pgm;3 
C:\Users\LSJ\Desktop\244146_847361_bundle_archive\s12/8.pgm;3 
C:\Users\LSJ\Desktop\244146_847361_bundle_archive\s12/9.pgm;3 
C:\Users\LSJ\Desktop\244146_847361_bundle_archive\s13/1.pgm;4 
C:\Users\LSJ\Desktop\244146_847361_bundle_archive\s13/10.pgm;4 
C:\Users\LSJ\Desktop\244146_847361_bundle_archive\s13/2.pgm;4 
C:\Users\LSJ\Desktop\244146_847361_bundle_archive\s13/3.pgm;4 
C:\Users\LSJ\Desktop\244146_847361_bundle_archive\s13/4.pgm;4 
C:\Users\LSJ\Desktop\244146_847361_bundle_archive\s13/5.pgm;4 
C:\Users\LSJ\Desktop\244146_847361_bundle_archive\s13/6.pgm;4 
C:\Users\LSJ\Desktop\244146_847361_bundle_archive\s13/7.pgm;4 
C:\Users\LSJ\Desktop\244146_847361_bundle_archive\s13/8.pgm;4 
C:\Users\LSJ\Desktop\244146_847361_bundle_archive\s13/9.pgm;4 
C:\Users\LSJ\Desktop\244146_847361_bundle_archive\s14/1.pgm;5 
C:\Users\LSJ\Desktop\244146_847361_bundle_archive\s14/10.pgm;5 
C:\Users\LSJ\Desktop\244146_847361_bundle_archive\s14/2.pgm;5 
C:\Users\LSJ\Desktop\244146_847361_bundle_archive\s14/3.pgm;5 
C:\Users\LSJ\Desktop\244146_847361_bundle_archive\s14/4.pgm;5 
C:\Users\LSJ\Desktop\244146_847361_bundle_archive\s14/5.pgm;5 
C:\Users\LSJ\Desktop\244146_847361_bundle_archive\s14/6.pgm;5 
C:\Users\LSJ\Desktop\244146_847361_bundle_archive\s14/7.pgm;5 
C:\Users\LSJ\Desktop\244146_847361_bundle_archive\s14/8.pgm;5 
C:\Users\LSJ\Desktop\244146_847361_bundle_archive\s14/9.pgm;5 
C:\Users\LSJ\Desktop\244146_847361_bundle_archive\s15/1.pgm;6 
C:\Users\LSJ\Desktop\244146_847361_bundle_archive\s15/10.pgm;6 
C:\Users\LSJ\Desktop\244146_847361_bundle_archive\s15/2.pgm;6 
C:\Users\LSJ\Desktop\244146_847361_bundle_archive\s15/3.pgm;6 
C:\Users\LSJ\Desktop\244146_847361_bundle_archive\s15/4.pgm;6 
C:\Users\LSJ\Desktop\244146_847361_bundle_archive\s15/5.pgm;6 
C:\Users\LSJ\Desktop\244146_847361_bundle_archive\s15/6.pgm;6 
C:\Users\LSJ\Desktop\244146_847361_bundle_archive\s15/7.pgm;6 
C:\Users\LSJ\Desktop\244146_847361_bundle_archive\s15/8.pgm;6 
C:\Users\LSJ\Desktop\244146_847361_bundle_archive\s15/9.pgm;6 
C:\Users\LSJ\Desktop\244146_847361_bundle_archive\s16/1.pgm;7 
C:\Users\LSJ\Desktop\244146_847361_bundle_archive\s16/10.pgm;7 
C:\Users\LSJ\Desktop\244146_847361_bundle_archive\s16/2.pgm;7 
C:\Users\LSJ\Desktop\244146_847361_bundle_archive\s16/3.pgm;7 
C:\Users\LSJ\Desktop\244146_847361_bundle_archive\s16/4.pgm;7 
C:\Users\LSJ\Desktop\244146_847361_bundle_archive\s16/5.pgm;7 
C:\Users\LSJ\Desktop\244146_847361_bundle_archive\s16/6.pgm;7 
C:\Users\LSJ\Desktop\244146_847361_bundle_archive\s16/7.pgm;7 
C:\Users\LSJ\Desktop\244146_847361_bundle_archive\s16/8.pgm;7 
C:\Users\LSJ\Desktop\244146_847361_bundle_archive\s16/9.pgm;7 
C:\Users\LSJ\Desktop\244146_847361_bundle_archive\s17/1.pgm;8 
C:\Users\LSJ\Desktop\244146_847361_bundle_archive\s17/10.pgm;8 
C:\Users\LSJ\Desktop\244146_847361_bundle_archive\s17/2.pgm;8 
C:\Users\LSJ\Desktop\244146_847361_bundle_archive\s17/3.pgm;8 
C:\Users\LSJ\Desktop\244146_847361_bundle_archive\s17/4.pgm;8 
C:\Users\LSJ\Desktop\244146_847361_bundle_archive\s17/5.pgm;8 
C:\Users\LSJ\Desktop\244146_847361_bundle_archive\s17/6.pgm;8 
C:\Users\LSJ\Desktop\244146_847361_bundle_archive\s17/7.pgm;8 
C:\Users\LSJ\Desktop\244146_847361_bundle_archive\s17/8.pgm;8 
C:\Users\LSJ\Desktop\244146_847361_bundle_archive\s17/9.pgm;8 
C:\Users\LSJ\Desktop\244146_847361_bundle_archive\s18/1.pgm;9 
C:\Users\LSJ\Desktop\244146_847361_bundle_archive\s18/10.pgm;9 
C:\Users\LSJ\Desktop\244146_847361_bundle_archive\s18/2.pgm;9 
C:\Users\LSJ\Desktop\244146_847361_bundle_archive\s18/3.pgm;9 
C:\Users\LSJ\Desktop\244146_847361_bundle_archive\s18/4.pgm;9 
C:\Users\LSJ\Desktop\244146_847361_bundle_archive\s18/5.pgm;9 
C:\Users\LSJ\Desktop\244146_847361_bundle_archive\s18/6.pgm;9 
C:\Users\LSJ\Desktop\244146_847361_bundle_archive\s18/7.pgm;9 
C:\Users\LSJ\Desktop\244146_847361_bundle_archive\s18/8.pgm;9 
C:\Users\LSJ\Desktop\244146_847361_bundle_archive\s18/9.pgm;9 
C:\Users\LSJ\Desktop\244146_847361_bundle_archive\s19/1.pgm;10 
C:\Users\LSJ\Desktop\244146_847361_bundle_archive\s19/10.pgm;10 
C:\Users\LSJ\Desktop\244146_847361_bundle_archive\s19/2.pgm;10 
C:\Users\LSJ\Desktop\244146_847361_bundle_archive\s19/3.pgm;10 
C:\Users\LSJ\Desktop\244146_847361_bundle_archive\s19/4.pgm;10 
C:\Users\LSJ\Desktop\244146_847361_bundle_archive\s19/5.pgm;10 
C:\Users\LSJ\Desktop\244146_847361_bundle_archive\s19/6.pgm;10 
C:\Users\LSJ\Desktop\244146_847361_bundle_archive\s19/7.pgm;10 
C:\Users\LSJ\Desktop\244146_847361_bundle_archive\s19/8.pgm;10 
C:\Users\LSJ\Desktop\244146_847361_bundle_archive\s19/9.pgm;10 
C:\Users\LSJ\Desktop\244146_847361_bundle_archive\s2/1.pgm;11 
C:\Users\LSJ\Desktop\244146_847361_bundle_archive\s2/10.pgm;11 
C:\Users\LSJ\Desktop\244146_847361_bundle_archive\s2/2.pgm;11 
C:\Users\LSJ\Desktop\244146_847361_bundle_archive\s2/3.pgm;11 
C:\Users\LSJ\Desktop\244146_847361_bundle_archive\s2/4.pgm;11 
C:\Users\LSJ\Desktop\244146_847361_bundle_archive\s2/5.pgm;11 
C:\Users\LSJ\Desktop\244146_847361_bundle_archive\s2/6.pgm;11 
C:\Users\LSJ\Desktop\244146_847361_bundle_archive\s2/7.pgm;11 
C:\Users\LSJ\Desktop\244146_847361_bundle_archive\s2/8.pgm;11 
C:\Users\LSJ\Desktop\244146_847361_bundle_archive\s2/9.pgm;11 
C:\Users\LSJ\Desktop\244146_847361_bundle_archive\s20/1.pgm;12 
C:\Users\LSJ\Desktop\244146_847361_bundle_archive\s20/10.pgm;12 
C:\Users\LSJ\Desktop\244146_847361_bundle_archive\s20/2.pgm;12 
C:\Users\LSJ\Desktop\244146_847361_bundle_archive\s20/3.pgm;12 
C:\Users\LSJ\Desktop\244146_847361_bundle_archive\s20/4.pgm;12 
C:\Users\LSJ\Desktop\244146_847361_bundle_archive\s20/5.pgm;12 
C:\Users\LSJ\Desktop\244146_847361_bundle_archive\s20/6.pgm;12 
C:\Users\LSJ\Desktop\244146_847361_bundle_archive\s20/7.pgm;12 
C:\Users\LSJ\Desktop\244146_847361_bundle_archive\s20/8.pgm;12 
C:\Users\LSJ\Desktop\244146_847361_bundle_archive\s20/9.pgm;12 
C:\Users\LSJ\Desktop\244146_847361_bundle_archive\s21/1.pgm;13 
C:\Users\LSJ\Desktop\244146_847361_bundle_archive\s21/10.pgm;13 
C:\Users\LSJ\Desktop\244146_847361_bundle_archive\s21/2.pgm;13 
C:\Users\LSJ\Desktop\244146_847361_bundle_archive\s21/3.pgm;13 
C:\Users\LSJ\Desktop\244146_847361_bundle_archive\s21/4.pgm;13 
C:\Users\LSJ\Desktop\244146_847361_bundle_archive\s21/5.pgm;13 
C:\Users\LSJ\Desktop\244146_847361_bundle_archive\s21/6.pgm;13 
C:\Users\LSJ\Desktop\244146_847361_bundle_archive\s21/7.pgm;13 
C:\Users\LSJ\Desktop\244146_847361_bundle_archive\s21/8.pgm;13 
C:\Users\LSJ\Desktop\244146_847361_bundle_archive\s21/9.pgm;13 
C:\Users\LSJ\Desktop\244146_847361_bundle_archive\s22/1.pgm;14 
C:\Users\LSJ\Desktop\244146_847361_bundle_archive\s22/10.pgm;14 
C:\Users\LSJ\Desktop\244146_847361_bundle_archive\s22/2.pgm;14 
C:\Users\LSJ\Desktop\244146_847361_bundle_archive\s22/3.pgm;14 
C:\Users\LSJ\Desktop\244146_847361_bundle_archive\s22/4.pgm;14 
C:\Users\LSJ\Desktop\244146_847361_bundle_archive\s22/5.pgm;14 
C:\Users\LSJ\Desktop\244146_847361_bundle_archive\s22/6.pgm;14 
C:\Users\LSJ\Desktop\244146_847361_bundle_archive\s22/7.pgm;14 
C:\Users\LSJ\Desktop\244146_847361_bundle_archive\s22/8.pgm;14 
C:\Users\LSJ\Desktop\244146_847361_bundle_archive\s22/9.pgm;14 
C:\Users\LSJ\Desktop\244146_847361_bundle_archive\s23/1.pgm;15 
C:\Users\LSJ\Desktop\244146_847361_bundle_archive\s23/10.pgm;15 
C:\Users\LSJ\Desktop\244146_847361_bundle_archive\s23/2.pgm;15 
C:\Users\LSJ\Desktop\244146_847361_bundle_archive\s23/3.pgm;15 
C:\Users\LSJ\Desktop\244146_847361_bundle_archive\s23/4.pgm;15 
C:\Users\LSJ\Desktop\244146_847361_bundle_archive\s23/5.pgm;15 
C:\Users\LSJ\Desktop\244146_847361_bundle_archive\s23/6.pgm;15 
C:\Users\LSJ\Desktop\244146_847361_bundle_archive\s23/7.pgm;15 
C:\Users\LSJ\Desktop\244146_847361_bundle_archive\s23/8.pgm;15 
C:\Users\LSJ\Desktop\244146_847361_bundle_archive\s23/9.pgm;15 
C:\Users\LSJ\Desktop\244146_847361_bundle_archive\s24/1.pgm;16 
C:\Users\LSJ\Desktop\244146_847361_bundle_archive\s24/10.pgm;16 
C:\Users\LSJ\Desktop\244146_847361_bundle_archive\s24/2.pgm;16 
C:\Users\LSJ\Desktop\244146_847361_bundle_archive\s24/3.pgm;16 
C:\Users\LSJ\Desktop\244146_847361_bundle_archive\s24/4.pgm;16 
C:\Users\LSJ\Desktop\244146_847361_bundle_archive\s24/5.pgm;16 
C:\Users\LSJ\Desktop\244146_847361_bundle_archive\s24/6.pgm;16 
C:\Users\LSJ\Desktop\244146_847361_bundle_archive\s24/7.pgm;16 
C:\Users\LSJ\Desktop\244146_847361_bundle_archive\s24/8.pgm;16 
C:\Users\LSJ\Desktop\244146_847361_bundle_archive\s24/9.pgm;16 
C:\Users\LSJ\Desktop\244146_847361_bundle_archive\s25/1.pgm;17 
C:\Users\LSJ\Desktop\244146_847361_bundle_archive\s25/10.pgm;17 
C:\Users\LSJ\Desktop\244146_847361_bundle_archive\s25/2.pgm;17 
C:\Users\LSJ\Desktop\244146_847361_bundle_archive\s25/3.pgm;17 
C:\Users\LSJ\Desktop\244146_847361_bundle_archive\s25/4.pgm;17 
C:\Users\LSJ\Desktop\244146_847361_bundle_archive\s25/5.pgm;17 
C:\Users\LSJ\Desktop\244146_847361_bundle_archive\s25/6.pgm;17 
C:\Users\LSJ\Desktop\244146_847361_bundle_archive\s25/7.pgm;17 
C:\Users\LSJ\Desktop\244146_847361_bundle_archive\s25/8.pgm;17 
C:\Users\LSJ\Desktop\244146_847361_bundle_archive\s25/9.pgm;17 
C:\Users\LSJ\Desktop\244146_847361_bundle_archive\s26/1.pgm;18 
C:\Users\LSJ\Desktop\244146_847361_bundle_archive\s26/10.pgm;18 
C:\Users\LSJ\Desktop\244146_847361_bundle_archive\s26/2.pgm;18 
C:\Users\LSJ\Desktop\244146_847361_bundle_archive\s26/3.pgm;18 
C:\Users\LSJ\Desktop\244146_847361_bundle_archive\s26/4.pgm;18 
C:\Users\LSJ\Desktop\244146_847361_bundle_archive\s26/5.pgm;18 
C:\Users\LSJ\Desktop\244146_847361_bundle_archive\s26/6.pgm;18 
C:\Users\LSJ\Desktop\244146_847361_bundle_archive\s26/7.pgm;18 
C:\Users\LSJ\Desktop\244146_847361_bundle_archive\s26/8.pgm;18 
C:\Users\LSJ\Desktop\244146_847361_bundle_archive\s26/9.pgm;18 
C:\Users\LSJ\Desktop\244146_847361_bundle_archive\s27/1.pgm;19 
C:\Users\LSJ\Desktop\244146_847361_bundle_archive\s27/10.pgm;19 
C:\Users\LSJ\Desktop\244146_847361_bundle_archive\s27/2.pgm;19 
C:\Users\LSJ\Desktop\244146_847361_bundle_archive\s27/3.pgm;19 
C:\Users\LSJ\Desktop\244146_847361_bundle_archive\s27/4.pgm;19 
C:\Users\LSJ\Desktop\244146_847361_bundle_archive\s27/5.pgm;19 
C:\Users\LSJ\Desktop\244146_847361_bundle_archive\s27/6.pgm;19 
C:\Users\LSJ\Desktop\244146_847361_bundle_archive\s27/7.pgm;19 
C:\Users\LSJ\Desktop\244146_847361_bundle_archive\s27/8.pgm;19 
C:\Users\LSJ\Desktop\244146_847361_bundle_archive\s27/9.pgm;19 
C:\Users\LSJ\Desktop\244146_847361_bundle_archive\s28/1.pgm;20 
C:\Users\LSJ\Desktop\244146_847361_bundle_archive\s28/10.pgm;20 
C:\Users\LSJ\Desktop\244146_847361_bundle_archive\s28/2.pgm;20 
C:\Users\LSJ\Desktop\244146_847361_bundle_archive\s28/3.pgm;20 
C:\Users\LSJ\Desktop\244146_847361_bundle_archive\s28/4.pgm;20 
C:\Users\LSJ\Desktop\244146_847361_bundle_archive\s28/5.pgm;20 
C:\Users\LSJ\Desktop\244146_847361_bundle_archive\s28/6.pgm;20 
C:\Users\LSJ\Desktop\244146_847361_bundle_archive\s28/7.pgm;20 
C:\Users\LSJ\Desktop\244146_847361_bundle_archive\s28/8.pgm;20 
C:\Users\LSJ\Desktop\244146_847361_bundle_archive\s28/9.pgm;20 
C:\Users\LSJ\Desktop\244146_847361_bundle_archive\s29/1.pgm;21 
C:\Users\LSJ\Desktop\244146_847361_bundle_archive\s29/10.pgm;21 
C:\Users\LSJ\Desktop\244146_847361_bundle_archive\s29/2.pgm;21 
C:\Users\LSJ\Desktop\244146_847361_bundle_archive\s29/3.pgm;21 
C:\Users\LSJ\Desktop\244146_847361_bundle_archive\s29/4.pgm;21 
C:\Users\LSJ\Desktop\244146_847361_bundle_archive\s29/5.pgm;21 
C:\Users\LSJ\Desktop\244146_847361_bundle_archive\s29/6.pgm;21 
C:\Users\LSJ\Desktop\244146_847361_bundle_archive\s29/7.pgm;21 
C:\Users\LSJ\Desktop\244146_847361_bundle_archive\s29/8.pgm;21 
C:\Users\LSJ\Desktop\244146_847361_bundle_archive\s29/9.pgm;21 
C:\Users\LSJ\Desktop\244146_847361_bundle_archive\s3/1.pgm;22 
C:\Users\LSJ\Desktop\244146_847361_bundle_archive\s3/10.pgm;22 
C:\Users\LSJ\Desktop\244146_847361_bundle_archive\s3/2.pgm;22 
C:\Users\LSJ\Desktop\244146_847361_bundle_archive\s3/3.pgm;22 
C:\Users\LSJ\Desktop\244146_847361_bundle_archive\s3/4.pgm;22 
C:\Users\LSJ\Desktop\244146_847361_bundle_archive\s3/5.pgm;22 
C:\Users\LSJ\Desktop\244146_847361_bundle_archive\s3/6.pgm;22 
C:\Users\LSJ\Desktop\244146_847361_bundle_archive\s3/7.pgm;22 
C:\Users\LSJ\Desktop\244146_847361_bundle_archive\s3/8.pgm;22 
C:\Users\LSJ\Desktop\244146_847361_bundle_archive\s3/9.pgm;22 
C:\Users\LSJ\Desktop\244146_847361_bundle_archive\s30/1.pgm;23 
C:\Users\LSJ\Desktop\244146_847361_bundle_archive\s30/10.pgm;23 
C:\Users\LSJ\Desktop\244146_847361_bundle_archive\s30/2.pgm;23 
C:\Users\LSJ\Desktop\244146_847361_bundle_archive\s30/3.pgm;23 
C:\Users\LSJ\Desktop\244146_847361_bundle_archive\s30/4.pgm;23 
C:\Users\LSJ\Desktop\244146_847361_bundle_archive\s30/5.pgm;23 
C:\Users\LSJ\Desktop\244146_847361_bundle_archive\s30/6.pgm;23 
C:\Users\LSJ\Desktop\244146_847361_bundle_archive\s30/7.pgm;23 
C:\Users\LSJ\Desktop\244146_847361_bundle_archive\s30/8.pgm;23 
C:\Users\LSJ\Desktop\244146_847361_bundle_archive\s30/9.pgm;23 
C:\Users\LSJ\Desktop\244146_847361_bundle_archive\s31/1.pgm;24 
C:\Users\LSJ\Desktop\244146_847361_bundle_archive\s31/10.pgm;24 
C:\Users\LSJ\Desktop\244146_847361_bundle_archive\s31/2.pgm;24 
C:\Users\LSJ\Desktop\244146_847361_bundle_archive\s31/3.pgm;24 
C:\Users\LSJ\Desktop\244146_847361_bundle_archive\s31/4.pgm;24 
C:\Users\LSJ\Desktop\244146_847361_bundle_archive\s31/5.pgm;24 
C:\Users\LSJ\Desktop\244146_847361_bundle_archive\s31/6.pgm;24 
C:\Users\LSJ\Desktop\244146_847361_bundle_archive\s31/7.pgm;24 
C:\Users\LSJ\Desktop\244146_847361_bundle_archive\s31/8.pgm;24 
C:\Users\LSJ\Desktop\244146_847361_bundle_archive\s31/9.pgm;24 
C:\Users\LSJ\Desktop\244146_847361_bundle_archive\s32/1.pgm;25 
C:\Users\LSJ\Desktop\244146_847361_bundle_archive\s32/10.pgm;25 
C:\Users\LSJ\Desktop\244146_847361_bundle_archive\s32/2.pgm;25 
C:\Users\LSJ\Desktop\244146_847361_bundle_archive\s32/3.pgm;25 
C:\Users\LSJ\Desktop\244146_847361_bundle_archive\s32/4.pgm;25 
C:\Users\LSJ\Desktop\244146_847361_bundle_archive\s32/5.pgm;25 
C:\Users\LSJ\Desktop\244146_847361_bundle_archive\s32/6.pgm;25 
C:\Users\LSJ\Desktop\244146_847361_bundle_archive\s32/7.pgm;25 
C:\Users\LSJ\Desktop\244146_847361_bundle_archive\s32/8.pgm;25 
C:\Users\LSJ\Desktop\244146_847361_bundle_archive\s32/9.pgm;25 
C:\Users\LSJ\Desktop\244146_847361_bundle_archive\s33/1.pgm;26 
C:\Users\LSJ\Desktop\244146_847361_bundle_archive\s33/10.pgm;26 
C:\Users\LSJ\Desktop\244146_847361_bundle_archive\s33/2.pgm;26 
C:\Users\LSJ\Desktop\244146_847361_bundle_archive\s33/3.pgm;26 
C:\Users\LSJ\Desktop\244146_847361_bundle_archive\s33/4.pgm;26 
C:\Users\LSJ\Desktop\244146_847361_bundle_archive\s33/5.pgm;26 
C:\Users\LSJ\Desktop\244146_847361_bundle_archive\s33/6.pgm;26 
C:\Users\LSJ\Desktop\244146_847361_bundle_archive\s33/7.pgm;26 
C:\Users\LSJ\Desktop\244146_847361_bundle_archive\s33/8.pgm;26 
C:\Users\LSJ\Desktop\244146_847361_bundle_archive\s33/9.pgm;26 
C:\Users\LSJ\Desktop\244146_847361_bundle_archive\s34/1.pgm;27 
C:\Users\LSJ\Desktop\244146_847361_bundle_archive\s34/10.pgm;27 
C:\Users\LSJ\Desktop\244146_847361_bundle_archive\s34/2.pgm;27 
C:\Users\LSJ\Desktop\244146_847361_bundle_archive\s34/3.pgm;27 
C:\Users\LSJ\Desktop\244146_847361_bundle_archive\s34/4.pgm;27 
C:\Users\LSJ\Desktop\244146_847361_bundle_archive\s34/5.pgm;27 
C:\Users\LSJ\Desktop\244146_847361_bundle_archive\s34/6.pgm;27 
C:\Users\LSJ\Desktop\244146_847361_bundle_archive\s34/7.pgm;27 
C:\Users\LSJ\Desktop\244146_847361_bundle_archive\s34/8.pgm;27 
C:\Users\LSJ\Desktop\244146_847361_bundle_archive\s34/9.pgm;27 
C:\Users\LSJ\Desktop\244146_847361_bundle_archive\s35/1.pgm;28 
C:\Users\LSJ\Desktop\244146_847361_bundle_archive\s35/10.pgm;28 
C:\Users\LSJ\Desktop\244146_847361_bundle_archive\s35/2.pgm;28 
C:\Users\LSJ\Desktop\244146_847361_bundle_archive\s35/3.pgm;28 
C:\Users\LSJ\Desktop\244146_847361_bundle_archive\s35/4.pgm;28 
C:\Users\LSJ\Desktop\244146_847361_bundle_archive\s35/5.pgm;28 
C:\Users\LSJ\Desktop\244146_847361_bundle_archive\s35/6.pgm;28 
C:\Users\LSJ\Desktop\244146_847361_bundle_archive\s35/7.pgm;28 
C:\Users\LSJ\Desktop\244146_847361_bundle_archive\s35/8.pgm;28 
C:\Users\LSJ\Desktop\244146_847361_bundle_archive\s35/9.pgm;28 
C:\Users\LSJ\Desktop\244146_847361_bundle_archive\s36/1.pgm;29 
C:\Users\LSJ\Desktop\244146_847361_bundle_archive\s36/10.pgm;29 
C:\Users\LSJ\Desktop\244146_847361_bundle_archive\s36/2.pgm;29 
C:\Users\LSJ\Desktop\244146_847361_bundle_archive\s36/3.pgm;29 
C:\Users\LSJ\Desktop\244146_847361_bundle_archive\s36/4.pgm;29 
C:\Users\LSJ\Desktop\244146_847361_bundle_archive\s36/5.pgm;29 
C:\Users\LSJ\Desktop\244146_847361_bundle_archive\s36/6.pgm;29 
C:\Users\LSJ\Desktop\244146_847361_bundle_archive\s36/7.pgm;29 
C:\Users\LSJ\Desktop\244146_847361_bundle_archive\s36/8.pgm;29 
C:\Users\LSJ\Desktop\244146_847361_bundle_archive\s36/9.pgm;29 
C:\Users\LSJ\Desktop\244146_847361_bundle_archive\s37/1.pgm;30 
C:\Users\LSJ\Desktop\244146_847361_bundle_archive\s37/10.pgm;30 
C:\Users\LSJ\Desktop\244146_847361_bundle_archive\s37/2.pgm;30 
C:\Users\LSJ\Desktop\244146_847361_bundle_archive\s37/3.pgm;30 
C:\Users\LSJ\Desktop\244146_847361_bundle_archive\s37/4.pgm;30 
C:\Users\LSJ\Desktop\244146_847361_bundle_archive\s37/5.pgm;30 
C:\Users\LSJ\Desktop\244146_847361_bundle_archive\s37/6.pgm;30 
C:\Users\LSJ\Desktop\244146_847361_bundle_archive\s37/7.pgm;30 
C:\Users\LSJ\Desktop\244146_847361_bundle_archive\s37/8.pgm;30 
C:\Users\LSJ\Desktop\244146_847361_bundle_archive\s37/9.pgm;30 
C:\Users\LSJ\Desktop\244146_847361_bundle_archive\s38/1.pgm;31 
C:\Users\LSJ\Desktop\244146_847361_bundle_archive\s38/10.pgm;31 
C:\Users\LSJ\Desktop\244146_847361_bundle_archive\s38/2.pgm;31 
C:\Users\LSJ\Desktop\244146_847361_bundle_archive\s38/3.pgm;31 
C:\Users\LSJ\Desktop\244146_847361_bundle_archive\s38/4.pgm;31 
C:\Users\LSJ\Desktop\244146_847361_bundle_archive\s38/5.pgm;31 
C:\Users\LSJ\Desktop\244146_847361_bundle_archive\s38/6.pgm;31 
C:\Users\LSJ\Desktop\244146_847361_bundle_archive\s38/7.pgm;31 
C:\Users\LSJ\Desktop\244146_847361_bundle_archive\s38/8.pgm;31 
C:\Users\LSJ\Desktop\244146_847361_bundle_archive\s38/9.pgm;31 
C:\Users\LSJ\Desktop\244146_847361_bundle_archive\s39/1.pgm;32 
C:\Users\LSJ\Desktop\244146_847361_bundle_archive\s39/10.pgm;32 
C:\Users\LSJ\Desktop\244146_847361_bundle_archive\s39/2.pgm;32 
C:\Users\LSJ\Desktop\244146_847361_bundle_archive\s39/3.pgm;32 
C:\Users\LSJ\Desktop\244146_847361_bundle_archive\s39/4.pgm;32 
C:\Users\LSJ\Desktop\244146_847361_bundle_archive\s39/5.pgm;32 
C:\Users\LSJ\Desktop\244146_847361_bundle_archive\s39/6.pgm;32 
C:\Users\LSJ\Desktop\244146_847361_bundle_archive\s39/7.pgm;32 
C:\Users\LSJ\Desktop\244146_847361_bundle_archive\s39/8.pgm;32 
C:\Users\LSJ\Desktop\244146_847361_bundle_archive\s39/9.pgm;32 
C:\Users\LSJ\Desktop\244146_847361_bundle_archive\s4/1.pgm;33 
C:\Users\LSJ\Desktop\244146_847361_bundle_archive\s4/10.pgm;33 
C:\Users\LSJ\Desktop\244146_847361_bundle_archive\s4/2.pgm;33 
C:\Users\LSJ\Desktop\244146_847361_bundle_archive\s4/3.pgm;33 
C:\Users\LSJ\Desktop\244146_847361_bundle_archive\s4/4.pgm;33 
C:\Users\LSJ\Desktop\244146_847361_bundle_archive\s4/5.pgm;33 
C:\Users\LSJ\Desktop\244146_847361_bundle_archive\s4/6.pgm;33 
C:\Users\LSJ\Desktop\244146_847361_bundle_archive\s4/7.pgm;33 
C:\Users\LSJ\Desktop\244146_847361_bundle_archive\s4/8.pgm;33 
C:\Users\LSJ\Desktop\244146_847361_bundle_archive\s4/9.pgm;33 
C:\Users\LSJ\Desktop\244146_847361_bundle_archive\s40/1.pgm;34 
C:\Users\LSJ\Desktop\244146_847361_bundle_archive\s40/10.pgm;34 
C:\Users\LSJ\Desktop\244146_847361_bundle_archive\s40/2.pgm;34 
C:\Users\LSJ\Desktop\244146_847361_bundle_archive\s40/3.pgm;34 
C:\Users\LSJ\Desktop\244146_847361_bundle_archive\s40/4.pgm;34 
C:\Users\LSJ\Desktop\244146_847361_bundle_archive\s40/5.pgm;34 
C:\Users\LSJ\Desktop\244146_847361_bundle_archive\s40/6.pgm;34 
C:\Users\LSJ\Desktop\244146_847361_bundle_archive\s40/7.pgm;34 
C:\Users\LSJ\Desktop\244146_847361_bundle_archive\s40/8.pgm;34 
C:\Users\LSJ\Desktop\244146_847361_bundle_archive\s40/9.pgm;34 
C:\Users\LSJ\Desktop\244146_847361_bundle_archive\s5/1.pgm;35 
C:\Users\LSJ\Desktop\244146_847361_bundle_archive\s5/10.pgm;35 
C:\Users\LSJ\Desktop\244146_847361_bundle_archive\s5/2.pgm;35 
C:\Users\LSJ\Desktop\244146_847361_bundle_archive\s5/3.pgm;35 
C:\Users\LSJ\Desktop\244146_847361_bundle_archive\s5/4.pgm;35 
C:\Users\LSJ\Desktop\244146_847361_bundle_archive\s5/5.pgm;35 
C:\Users\LSJ\Desktop\244146_847361_bundle_archive\s5/6.pgm;35 
C:\Users\LSJ\Desktop\244146_847361_bundle_archive\s5/7.pgm;35 
C:\Users\LSJ\Desktop\244146_847361_bundle_archive\s5/8.pgm;35 
C:\Users\LSJ\Desktop\244146_847361_bundle_archive\s5/9.pgm;35 
C:\Users\LSJ\Desktop\244146_847361_bundle_archive\s6/1.pgm;36 
C:\Users\LSJ\Desktop\244146_847361_bundle_archive\s6/10.pgm;36 
C:\Users\LSJ\Desktop\244146_847361_bundle_archive\s6/2.pgm;36 
C:\Users\LSJ\Desktop\244146_847361_bundle_archive\s6/3.pgm;36 
C:\Users\LSJ\Desktop\244146_847361_bundle_archive\s6/4.pgm;36 
C:\Users\LSJ\Desktop\244146_847361_bundle_archive\s6/5.pgm;36 
C:\Users\LSJ\Desktop\244146_847361_bundle_archive\s6/6.pgm;36 
C:\Users\LSJ\Desktop\244146_847361_bundle_archive\s6/7.pgm;36 
C:\Users\LSJ\Desktop\244146_847361_bundle_archive\s6/8.pgm;36 
C:\Users\LSJ\Desktop\244146_847361_bundle_archive\s6/9.pgm;36 
C:\Users\LSJ\Desktop\244146_847361_bundle_archive\s7/1.pgm;37 
C:\Users\LSJ\Desktop\244146_847361_bundle_archive\s7/10.pgm;37 
C:\Users\LSJ\Desktop\244146_847361_bundle_archive\s7/2.pgm;37 
C:\Users\LSJ\Desktop\244146_847361_bundle_archive\s7/3.pgm;37 
C:\Users\LSJ\Desktop\244146_847361_bundle_archive\s7/4.pgm;37 
C:\Users\LSJ\Desktop\244146_847361_bundle_archive\s7/5.pgm;37 
C:\Users\LSJ\Desktop\244146_847361_bundle_archive\s7/6.pgm;37 
C:\Users\LSJ\Desktop\244146_847361_bundle_archive\s7/7.pgm;37 
C:\Users\LSJ\Desktop\244146_847361_bundle_archive\s7/8.pgm;37 
C:\Users\LSJ\Desktop\244146_847361_bundle_archive\s7/9.pgm;37 
C:\Users\LSJ\Desktop\244146_847361_bundle_archive\s8/1.pgm;38 
C:\Users\LSJ\Desktop\244146_847361_bundle_archive\s8/10.pgm;38 
C:\Users\LSJ\Desktop\244146_847361_bundle_archive\s8/2.pgm;38 
C:\Users\LSJ\Desktop\244146_847361_bundle_archive\s8/3.pgm;38 
C:\Users\LSJ\Desktop\244146_847361_bundle_archive\s8/4.pgm;38 
C:\Users\LSJ\Desktop\244146_847361_bundle_archive\s8/5.pgm;38 
C:\Users\LSJ\Desktop\244146_847361_bundle_archive\s8/6.pgm;38 
C:\Users\LSJ\Desktop\244146_847361_bundle_archive\s8/7.pgm;38 
C:\Users\LSJ\Desktop\244146_847361_bundle_archive\s8/8.pgm;38 
C:\Users\LSJ\Desktop\244146_847361_bundle_archive\s8/9.pgm;38 
C:\Users\LSJ\Desktop\244146_847361_bundle_archive\s9/1.pgm;39 
C:\Users\LSJ\Desktop\244146_847361_bundle_archive\s9/10.pgm;39 
C:\Users\LSJ\Desktop\244146_847361_bundle_archive\s9/2.pgm;39 
C:\Users\LSJ\Desktop\244146_847361_bundle_archive\s9/3.pgm;39 
C:\Users\LSJ\Desktop\244146_847361_bundle_archive\s9/4.pgm;39 
C:\Users\LSJ\Desktop\244146_847361_bundle_archive\s9/5.pgm;39 
C:\Users\LSJ\Desktop\244146_847361_bundle_archive\s9/6.pgm;39 
C:\Users\LSJ\Desktop\244146_847361_bundle_archive\s9/7.pgm;39 
C:\Users\LSJ\Desktop\244146_847361_bundle_archive\s9/8.pgm;39 
C:\Users\LSJ\Desktop\244146_847361_bundle_archive\s9/9.pgm;39 
